{"cameraMode":{"drawMode":0,"name":"Shaded","section":"Shading Mode"},"sceneLighting":true,"audioPlay":false,"sceneViewState":{"m_AlwaysRefresh":false,"showFog":true,"showSkybox":true,"showFlares":true,"showImageEffects":true,"showParticleSystems":true,"showVisualEffectGraphs":true,"m_FxEnabled":true},"in2DMode":false,"pivot":{"x":-0.6317219734191895,"y":-3.4523468017578127,"z":14.119852066040039},"rotation":{"x":0.4484131634235382,"y":0.006704585161060095,"z":-0.003361404174938798,"w":0.8938020467758179},"size":17.014083862304689,"orthographic":false}