{"cameraMode":{"drawMode":0,"name":"Shaded","section":"Shading Mode"},"sceneLighting":true,"audioPlay":false,"sceneViewState":{"m_AlwaysRefresh":false,"showFog":true,"showSkybox":true,"showFlares":true,"showImageEffects":true,"showParticleSystems":true,"showVisualEffectGraphs":true,"m_FxEnabled":true},"in2DMode":false,"pivot":{"x":858.8036499023438,"y":-10.063687324523926,"z":14.10431957244873},"rotation":{"x":0.24458521604537965,"y":-0.055234089493751529,"z":0.013957491144537926,"w":0.9679641127586365},"size":30.77484703063965,"orthographic":false}