{"cameraMode":{"drawMode":0,"name":"Shaded","section":"Shading Mode"},"sceneLighting":true,"audioPlay":false,"sceneViewState":{"m_AlwaysRefresh":false,"showFog":true,"showSkybox":true,"showFlares":true,"showImageEffects":true,"showParticleSystems":true,"showVisualEffectGraphs":true,"m_FxEnabled":true},"in2DMode":false,"pivot":{"x":-2.5825533866882326,"y":-0.011531829833984375,"z":0.9240872859954834},"rotation":{"x":-0.04640452191233635,"y":0.05840243399143219,"z":0.0027203792706131937,"w":0.9972326159477234},"size":3.6073946952819826,"orthographic":false}