{"cameraMode":{"drawMode":0,"name":"Shaded","section":"Shading Mode"},"sceneLighting":true,"audioPlay":false,"sceneViewState":{"m_AlwaysRefresh":false,"showFog":true,"showSkybox":false,"showFlares":true,"showImageEffects":true,"showParticleSystems":true,"showVisualEffectGraphs":true,"m_FxEnabled":true},"in2DMode":false,"pivot":{"x":-7668.5302734375,"y":-15994.595703125,"z":-10.186070442199707},"rotation":{"x":-0.018887801095843316,"y":0.0011994409142062069,"z":0.9998767375946045,"w":0.00019295411766506732},"size":707.108642578125,"orthographic":false}