{"cameraMode":{"drawMode":0,"name":"Shaded","section":"Shading Mode"},"sceneLighting":true,"audioPlay":false,"sceneViewState":{"m_AlwaysRefresh":false,"showFog":true,"showSkybox":true,"showFlares":true,"showImageEffects":true,"showParticleSystems":true,"showVisualEffectGraphs":true,"m_FxEnabled":true},"in2DMode":false,"pivot":{"x":386.6642150878906,"y":201.87826538085938,"z":25.8721923828125},"rotation":{"x":0.032993774861097339,"y":0.0003150466945953667,"z":0.00003540930993040092,"w":0.9994814395904541},"size":298.6866455078125,"orthographic":false}