{"cameraMode":{"drawMode":0,"name":"Shaded","section":"Shading Mode"},"sceneLighting":true,"audioPlay":false,"sceneViewState":{"m_AlwaysRefresh":false,"showFog":true,"showSkybox":true,"showFlares":true,"showImageEffects":true,"showParticleSystems":true,"showVisualEffectGraphs":true,"m_FxEnabled":true},"in2DMode":false,"pivot":{"x":-9.383977890014649,"y":-8.552727699279786,"z":11.373397827148438},"rotation":{"x":-0.00299256993457675,"y":0.05876174569129944,"z":-0.00025132688460871577,"w":-0.9984078407287598},"size":39.8059196472168,"orthographic":false}