{"cameraMode":{"drawMode":0,"name":"Shaded","section":"Shading Mode"},"sceneLighting":true,"audioPlay":false,"sceneViewState":{"m_AlwaysRefresh":false,"showFog":true,"showSkybox":true,"showFlares":true,"showImageEffects":true,"showParticleSystems":true,"showVisualEffectGraphs":true,"m_FxEnabled":true},"in2DMode":false,"pivot":{"x":366.29534912109377,"y":241.16000366210938,"z":285.439208984375},"rotation":{"x":-0.044985055923461917,"y":-0.001498539000749588,"z":-0.00006520138413179666,"w":0.9989932179450989},"size":507.1689453125,"orthographic":false}