{"cameraMode":{"drawMode":0,"name":"Shaded","section":"Shading Mode"},"sceneLighting":false,"audioPlay":false,"sceneViewState":{"m_AlwaysRefresh":false,"showFog":true,"showSkybox":false,"showFlares":true,"showImageEffects":true,"showParticleSystems":true,"showVisualEffectGraphs":true,"m_FxEnabled":true},"in2DMode":false,"pivot":{"x":0.5884268283843994,"y":-0.6315479874610901,"z":-3.5491011142730715},"rotation":{"x":0.04314558207988739,"y":0.13033489882946015,"z":-0.005497903563082218,"w":0.9906512498855591},"size":2.5180702209472658,"orthographic":false}