{"cameraMode":{"drawMode":0,"name":"Shaded","section":"Shading Mode"},"sceneLighting":false,"audioPlay":false,"sceneViewState":{"m_AlwaysRefresh":false,"showFog":true,"showSkybox":false,"showFlares":false,"showImageEffects":true,"showParticleSystems":true,"showVisualEffectGraphs":true,"m_FxEnabled":false},"in2DMode":false,"pivot":{"x":1268.3319091796875,"y":694.2799682617188,"z":-60.6031494140625},"rotation":{"x":-0.023990772664546968,"y":-0.022998172789812089,"z":-0.0010755043476819993,"w":0.9996234178543091},"size":257.29559326171877,"orthographic":false}