{"cameraMode":{"drawMode":0,"name":"Shaded","section":"Shading Mode"},"sceneLighting":false,"audioPlay":false,"sceneViewState":{"m_AlwaysRefresh":false,"showFog":true,"showSkybox":false,"showFlares":true,"showImageEffects":true,"showParticleSystems":true,"showVisualEffectGraphs":true,"m_FxEnabled":true},"in2DMode":false,"pivot":{"x":937.9868774414063,"y":524.2816162109375,"z":4.951019287109375},"rotation":{"x":0.34434205293655398,"y":0.10809720307588577,"z":-0.039949171245098117,"w":0.9317405223846436},"size":171.84303283691407,"orthographic":true}