{"cameraMode":{"drawMode":0,"name":"Shaded","section":"Shading Mode"},"sceneLighting":false,"audioPlay":false,"sceneViewState":{"m_AlwaysRefresh":false,"showFog":true,"showSkybox":false,"showFlares":true,"showImageEffects":true,"showParticleSystems":true,"showVisualEffectGraphs":true,"m_FxEnabled":true},"in2DMode":false,"pivot":{"x":944.2861938476563,"y":463.8701477050781,"z":-169.86410522460938},"rotation":{"x":-0.005999892018735409,"y":0.0029999350663274528,"z":0.000018001061107497662,"w":0.9999752044677734},"size":196.807373046875,"orthographic":false}