{"cameraMode":{"drawMode":0,"name":"Shaded","section":"Shading Mode"},"sceneLighting":false,"audioPlay":false,"sceneViewState":{"m_AlwaysRefresh":false,"showFog":true,"showSkybox":false,"showFlares":true,"showImageEffects":true,"showParticleSystems":true,"showVisualEffectGraphs":true,"m_FxEnabled":true},"in2DMode":false,"pivot":{"x":0.041341282427310947,"y":-0.23933303356170655,"z":-0.2892422676086426},"rotation":{"x":0.1567859947681427,"y":0.028143424540758134,"z":-0.0044696638360619549,"w":0.987221896648407},"size":3.9073946475982668,"orthographic":false}