{"cameraMode":{"drawMode":0,"name":"Shaded","section":"Shading Mode"},"sceneLighting":false,"audioPlay":false,"sceneViewState":{"m_AlwaysRefresh":false,"showFog":true,"showSkybox":false,"showFlares":true,"showImageEffects":true,"showParticleSystems":true,"showVisualEffectGraphs":true,"m_FxEnabled":true},"in2DMode":false,"pivot":{"x":377.4023742675781,"y":-78.37537384033203,"z":-2.886383056640625},"rotation":{"x":-0.08236939460039139,"y":0.02989341877400875,"z":0.002471835119649768,"w":0.9961509704589844},"size":109.89901733398438,"orthographic":false}