{"cameraMode":{"drawMode":0,"name":"Shaded","section":"Shading Mode"},"sceneLighting":false,"audioPlay":false,"sceneViewState":{"m_AlwaysRefresh":false,"showFog":true,"showSkybox":false,"showFlares":true,"showImageEffects":true,"showParticleSystems":true,"showVisualEffectGraphs":true,"m_FxEnabled":true},"in2DMode":false,"pivot":{"x":49.122520446777347,"y":283.64874267578127,"z":-3.0157346725463869},"rotation":{"x":0.010494155809283257,"y":0.03299223631620407,"z":-0.0003464754263404757,"w":0.9994019865989685},"size":96.1175537109375,"orthographic":false}