{"cameraMode":{"drawMode":0,"name":"Shaded","section":"Shading Mode"},"sceneLighting":false,"audioPlay":false,"sceneViewState":{"m_AlwaysRefresh":false,"showFog":true,"showSkybox":false,"showFlares":true,"showImageEffects":true,"showParticleSystems":true,"showVisualEffectGraphs":true,"m_FxEnabled":true},"in2DMode":false,"pivot":{"x":414.37322998046877,"y":216.87901306152345,"z":54.679351806640628},"rotation":{"x":0.011998528614640236,"y":-0.005710743833333254,"z":-0.00016164024418685585,"w":-1.0000364780426026},"size":242.4322052001953,"orthographic":true}