{"cameraMode":{"drawMode":0,"name":"Shaded","section":"Shading Mode"},"sceneLighting":false,"audioPlay":false,"sceneViewState":{"m_AlwaysRefresh":false,"showFog":true,"showSkybox":false,"showFlares":true,"showImageEffects":true,"showParticleSystems":true,"showVisualEffectGraphs":true,"m_FxEnabled":true},"in2DMode":false,"pivot":{"x":2260.13525390625,"y":1154.0416259765625,"z":16.5694580078125},"rotation":{"x":0.011998528614640236,"y":-0.005710743833333254,"z":-0.00016164024418685585,"w":-1.0000364780426026},"size":289.8035888671875,"orthographic":true}