{"cameraMode":{"drawMode":0,"name":"Shaded","section":"Shading Mode"},"sceneLighting":false,"audioPlay":false,"sceneViewState":{"m_AlwaysRefresh":false,"showFog":true,"showSkybox":false,"showFlares":true,"showImageEffects":true,"showParticleSystems":true,"showVisualEffectGraphs":true,"m_FxEnabled":true},"in2DMode":false,"pivot":{"x":478.4914245605469,"y":295.7164306640625,"z":56.83110046386719},"rotation":{"x":0.011998528614640236,"y":-0.005710743833333254,"z":-0.00016164024418685585,"w":-1.0000364780426026},"size":290.7001953125,"orthographic":true}