{"cameraMode":{"drawMode":0,"name":"Shaded","section":"Shading Mode"},"sceneLighting":false,"audioPlay":false,"sceneViewState":{"m_AlwaysRefresh":false,"showFog":true,"showSkybox":false,"showFlares":true,"showImageEffects":true,"showParticleSystems":true,"showVisualEffectGraphs":true,"m_FxEnabled":true},"in2DMode":false,"pivot":{"x":414.5397644042969,"y":233.7849578857422,"z":-80.34429931640625},"rotation":{"x":-0.0014999274862930179,"y":0.001499735633842647,"z":0.0000021124608338141117,"w":0.9999995827674866},"size":205.9877471923828,"orthographic":false}