{"cameraMode":{"drawMode":0,"name":"Shaded","section":"Shading Mode"},"sceneLighting":false,"audioPlay":false,"sceneViewState":{"m_AlwaysRefresh":false,"showFog":true,"showSkybox":false,"showFlares":true,"showImageEffects":true,"showParticleSystems":true,"showVisualEffectGraphs":true,"m_FxEnabled":true},"in2DMode":false,"pivot":{"x":1113.510986328125,"y":564.044677734375,"z":-83.43548583984375},"rotation":{"x":-0.0014999274862930179,"y":0.001499735633842647,"z":0.0000021124608338141117,"w":0.9999995827674866},"size":878.614990234375,"orthographic":false}