{"cameraMode":{"drawMode":0,"name":"Shaded","section":"Shading Mode"},"sceneLighting":true,"audioPlay":false,"sceneViewState":{"m_AlwaysRefresh":false,"showFog":true,"showSkybox":false,"showFlares":true,"showImageEffects":true,"showParticleSystems":true,"showVisualEffectGraphs":true,"m_FxEnabled":true},"in2DMode":false,"pivot":{"x":422.68902587890627,"y":340.8270263671875,"z":415.64825439453127},"rotation":{"x":0.041948094964027408,"y":-0.043448276817798617,"z":0.0018261424265801907,"w":0.9981755614280701},"size":724.4136962890625,"orthographic":false}