{"cameraMode":{"drawMode":0,"name":"Shaded","section":"Shading Mode"},"sceneLighting":true,"audioPlay":false,"sceneViewState":{"m_AlwaysRefresh":false,"showFog":true,"showSkybox":false,"showFlares":true,"showImageEffects":true,"showParticleSystems":true,"showVisualEffectGraphs":true,"m_FxEnabled":true},"in2DMode":false,"pivot":{"x":1136.9649658203125,"y":852.0892333984375,"z":217.00506591796876},"rotation":{"x":0.032934579998254779,"y":0.059931717813014987,"z":-0.001979631371796131,"w":0.9976620674133301},"size":1219.13330078125,"orthographic":false}