{"cameraMode":{"drawMode":0,"name":"Shaded","section":"Shading Mode"},"sceneLighting":true,"audioPlay":false,"sceneViewState":{"m_AlwaysRefresh":false,"showFog":true,"showSkybox":false,"showFlares":true,"showImageEffects":true,"showParticleSystems":true,"showVisualEffectGraphs":true,"m_FxEnabled":true},"in2DMode":false,"pivot":{"x":548.4937133789063,"y":143.41969299316407,"z":2.26397705078125},"rotation":{"x":-0.002999991411343217,"y":0.0029999627731740476,"z":0.0000089533705249778,"w":0.9999899864196777},"size":431.6221008300781,"orthographic":false}