{"cameraMode":{"drawMode":0,"name":"Shaded","section":"Shading Mode"},"sceneLighting":true,"audioPlay":false,"sceneViewState":{"m_AlwaysRefresh":false,"showFog":true,"showSkybox":true,"showFlares":true,"showImageEffects":true,"showParticleSystems":true,"showVisualEffectGraphs":true,"m_FxEnabled":true},"in2DMode":false,"pivot":{"x":412.45538330078127,"y":431.97467041015627,"z":-3.4851837158203127},"rotation":{"x":0.06741870939731598,"y":0.02992730587720871,"z":-0.0020233308896422388,"w":0.9972745180130005},"size":79.79649353027344,"orthographic":true}