{"cameraMode":{"drawMode":0,"name":"Shaded","section":"Shading Mode"},"sceneLighting":false,"audioPlay":false,"sceneViewState":{"m_AlwaysRefresh":false,"showFog":true,"showSkybox":false,"showFlares":true,"showImageEffects":true,"showParticleSystems":true,"showVisualEffectGraphs":true,"m_FxEnabled":true},"in2DMode":false,"pivot":{"x":300.20098876953127,"y":187.02642822265626,"z":11.24053955078125},"rotation":{"x":0.011998528614640236,"y":-0.005710743833333254,"z":-0.00016164024418685585,"w":-1.0000364780426026},"size":325.8500061035156,"orthographic":true}