{"cameraMode":{"drawMode":0,"name":"Shaded","section":"Shading Mode"},"sceneLighting":false,"audioPlay":false,"sceneViewState":{"m_AlwaysRefresh":false,"showFog":true,"showSkybox":false,"showFlares":false,"showImageEffects":true,"showParticleSystems":true,"showVisualEffectGraphs":true,"m_FxEnabled":false},"in2DMode":false,"pivot":{"x":1323.3134765625,"y":684.7610473632813,"z":0.67718505859375},"rotation":{"x":0.006007075309753418,"y":0.0029203665908426048,"z":0.0004677269607782364,"w":-1.0001546144485474},"size":782.9673461914063,"orthographic":false}