{"cameraMode":{"drawMode":0,"name":"Shaded","section":"Shading Mode"},"sceneLighting":false,"audioPlay":false,"sceneViewState":{"m_AlwaysRefresh":false,"showFog":true,"showSkybox":false,"showFlares":false,"showImageEffects":true,"showParticleSystems":true,"showVisualEffectGraphs":true,"m_FxEnabled":false},"in2DMode":false,"pivot":{"x":1419.584228515625,"y":740.788330078125,"z":-93.773193359375},"rotation":{"x":-0.0014949517790228129,"y":0.004424008075147867,"z":0.00046329136239364743,"w":-1.0001649856567383},"size":331.60174560546877,"orthographic":false}